num_nodes,Renyi_entropy
11,0.888931
12,0.870842
13,0.849678
14,0.909826
15,0.809909
16,0.82428
17,0.8096
18,0.816986
19,0.875309
